"filename","samp_type","cruise","station","cast","depth","abs_depth","rosette","tripl","id","untripl","date_run","timestamp"
"170706_Blk_Blk0p2_1.mzML","Blk","MC",NA,NA,NA,NA,NA,NA,NA,NA,2017-07-06,2017-07-09 00:25:06
"170706_Blk_Blk0p2_2.mzML","Blk","MC",NA,NA,NA,NA,NA,NA,NA,NA,2017-07-06,2017-07-11 18:16:51
"180205_Std_4uMStdsInH2O_1.mzML","Std","MC",NA,NA,NA,NA,NA,NA,NA,NA,2018-02-05,2018-02-05 20:00:46
"180205_Std_4uMStdsInMatrix_1.mzML","Std","MC",NA,NA,NA,NA,NA,NA,NA,NA,2018-02-05,2018-02-05 21:41:47
"180205_Poo_TruePoo_Full1.mzML","Poo","MC",NA,NA,NA,NA,NA,NA,NA,NA,2018-02-05,2018-02-06 01:03:46
"180205_Poo_TruePoo_Half1.mzML","Poo","MC",NA,NA,NA,NA,NA,NA,NA,NA,2018-02-05,2018-02-06 01:54:16
"180205_Smp_L2C1DCMless20m_A.mzML","Smp","MC","L2",1,"DCMless20m",103,NA,"A","L2C1DCM-20m_A","180205_Smp_L2C1DCMless20m",2018-02-05,2018-02-06 04:25:48
"180205_Smp_L1C33DCMplus10m_A.mzML","Smp","MC","L1",33,"DCMplus10m",114.5,11,"A","L1C33DCM+10m_A","180205_Smp_L1C33DCMplus10m",2018-02-05,2018-02-06 05:16:17
"180205_Smp_L2C2DCMplus20m_A.mzML","Smp","MC","L2",2,"DCMplus20m",143,NA,"A","L2C2DCM+20m_A","180205_Smp_L2C2DCMplus20m",2018-02-05,2018-02-06 06:57:19
"180205_Smp_L2C2DCMplus10m_A.mzML","Smp","MC","L2",2,"DCMplus10m",133,NA,"A","L2C2DCM+10m_A","180205_Smp_L2C2DCMplus10m",2018-02-05,2018-02-06 07:47:49
"180205_Smp_L1C32DCMless10m_A.mzML","Smp","MC","L1",32,"DCMless10m",98.8,12,"A","L1C32DCM-10m_A","180205_Smp_L1C32DCMless10m",2018-02-05,2018-02-06 08:38:20
"180205_Smp_L1C32DCMless20m_A.mzML","Smp","MC","L1",32,"DCMless20m",88.8,17,"A","L1C32DCM-20m_A","180205_Smp_L1C32DCMless20m",2018-02-05,2018-02-06 11:09:50
"180205_Smp_L2C2DCM_A.mzML","Smp","MC","L2",2,"DCM",123,NA,"A","L2C2DCM_A","180205_Smp_L2C2DCM",2018-02-05,2018-02-06 12:00:21
"180205_Smp_L1C33DCM_A.mzML","Smp","MC","L1",33,"DCM",103.5,16,"A","L1C33DCM_A","180205_Smp_L1C33DCM",2018-02-05,2018-02-06 13:41:22
"180205_Smp_L1C33DCMplus20m_A.mzML","Smp","MC","L1",33,"DCMplus20m",124.4,8,"A","L1C33DCM+20m_A","180205_Smp_L1C33DCMplus20m",2018-02-05,2018-02-06 14:31:51
"180205_Smp_L2C1DCMless10m_A.mzML","Smp","MC","L2",1,"DCMless10m",113,NA,"A","L2C1DCM-10m_A","180205_Smp_L2C1DCMless10m",2018-02-05,2018-02-06 15:22:21
"180205_Poo_TruePoo_Half2.mzML","Poo","MC",NA,NA,NA,NA,NA,NA,NA,NA,2018-02-05,2018-02-06 19:34:55
"180205_Poo_TruePoo_Full2.mzML","Poo","MC",NA,NA,NA,NA,NA,NA,NA,NA,2018-02-05,2018-02-06 20:25:24
"180205_Smp_L1C33DCM_B.mzML","Smp","MC","L1",33,"DCM",103.7,17,"B","L1C33DCM_B","180205_Smp_L1C33DCM",2018-02-05,2018-02-06 23:47:28
"180205_Smp_L2C2DCMplus10m_B.mzML","Smp","MC","L2",2,"DCMplus10m",133,NA,"B","L2C2DCM+10m_B","180205_Smp_L2C2DCMplus10m",2018-02-05,2018-02-07 01:28:28
"180205_Smp_L2C1DCMless10m_B.mzML","Smp","MC","L2",1,"DCMless10m",113,NA,"B","L2C1DCM-10m_B","180205_Smp_L2C1DCMless10m",2018-02-05,2018-02-07 02:18:56
"180205_Smp_L1C32DCMless10m_B.mzML","Smp","MC","L1",32,"DCMless10m",98,13,"B","L1C32DCM-10m_B","180205_Smp_L1C32DCMless10m",2018-02-05,2018-02-07 04:50:29
"180205_Smp_L2C1DCMless20m_B.mzML","Smp","MC","L2",1,"DCMless20m",103,NA,"B","L2C1DCM-20m_B","180205_Smp_L2C1DCMless20m",2018-02-05,2018-02-07 05:40:57
"180205_Smp_L1C33DCMplus20m_B.mzML","Smp","MC","L1",33,"DCMplus20m",124.3,7,"B","L1C33DCM+20m_B","180205_Smp_L1C33DCMplus20m",2018-02-05,2018-02-07 07:21:59
"180205_Smp_L1C32DCMless20m_B.mzML","Smp","MC","L1",32,"DCMless20m",88.5,18,"B","L1C32DCM-20m_B","180205_Smp_L1C32DCMless20m",2018-02-05,2018-02-07 08:12:29
"180205_Smp_L2C2DCM_B.mzML","Smp","MC","L2",2,"DCM",123,NA,"B","L2C2DCM_B","180205_Smp_L2C2DCM",2018-02-05,2018-02-07 09:53:29
"180205_Smp_L2C2DCMplus20m_B.mzML","Smp","MC","L2",2,"DCMplus20m",143,NA,"B","L2C2DCM+20m_B","180205_Smp_L2C2DCMplus20m",2018-02-05,2018-02-07 12:25:01
"180205_Smp_L1C33DCMplus10m_B.mzML","Smp","MC","L1",33,"DCMplus10m",114.8,12,"B","L1C33DCM+10m_B","180205_Smp_L1C33DCMplus10m",2018-02-05,2018-02-07 13:15:29
"180205_Poo_TruePoo_Half3.mzML","Poo","MC",NA,NA,NA,NA,NA,NA,NA,NA,2018-02-05,2018-02-07 17:28:03
"180205_Smp_L1C32DCMless10m_C.mzML","Smp","MC","L1",32,"DCMless10m",98.4,14,"C","L1C32DCM-10m_C","180205_Smp_L1C32DCMless10m",2018-02-05,2018-02-08 00:12:08
"180205_Smp_L2C1DCMless20m_C.mzML","Smp","MC","L2",1,"DCMless20m",103,NA,"C","L2C1DCM-20m_C","180205_Smp_L2C1DCMless20m",2018-02-05,2018-02-08 01:02:39
"180205_Smp_L1C33DCMplus20m_C.mzML","Smp","MC","L1",33,"DCMplus20m",124.8,6,"C","L1C33DCM+20m_C","180205_Smp_L1C33DCMplus20m",2018-02-05,2018-02-08 02:43:41
"180205_Smp_L2C2DCM_C.mzML","Smp","MC","L2",2,"DCM",123,NA,"C","L2C2DCM_C","180205_Smp_L2C2DCM",2018-02-05,2018-02-08 03:34:09
"180205_Smp_L1C33DCMplus10m_C.mzML","Smp","MC","L1",33,"DCMplus10m",114.1,13,"C","L1C33DCM+10m_C","180205_Smp_L1C33DCMplus10m",2018-02-05,2018-02-08 05:15:11
"180205_Smp_L1C32DCMless20m_C.mzML","Smp","MC","L1",32,"DCMless20m",88.2,19,"C","L1C32DCM-20m_C","180205_Smp_L1C32DCMless20m",2018-02-05,2018-02-08 06:05:39
"180205_Smp_L2C2DCMplus10m_C.mzML","Smp","MC","L2",2,"DCMplus10m",133,NA,"C","L2C2DCM+10m_C","180205_Smp_L2C2DCMplus10m",2018-02-05,2018-02-08 07:46:41
"180205_Smp_L2C1DCMless10m_C.mzML","Smp","MC","L2",1,"DCMless10m",113,NA,"C","L2C1DCM-10m_C","180205_Smp_L2C1DCMless10m",2018-02-05,2018-02-08 08:37:09
"180205_Smp_L1C33DCM_C.mzML","Smp","MC","L1",33,"DCM",103.5,18,"C","L1C33DCM_C","180205_Smp_L1C33DCM",2018-02-05,2018-02-08 09:27:42
"180205_Smp_L2C2DCMplus20m_C.mzML","Smp","MC","L2",2,"DCMplus20m",143,NA,"C","L2C2DCM+20m_C","180205_Smp_L2C2DCMplus20m",2018-02-05,2018-02-08 11:08:43
"180205_Poo_TruePoo_Full3.mzML","Poo","MC",NA,NA,NA,NA,NA,NA,NA,NA,2018-02-05,2018-02-08 11:59:10
"180205_Std_4uMStdsInMatrix_2.mzML","Std","MC",NA,NA,NA,NA,NA,NA,NA,NA,2018-02-05,2018-02-08 13:40:14
"180205_Std_4uMStdsInH2O_2.mzML","Std","MC",NA,NA,NA,NA,NA,NA,NA,NA,2018-02-05,2018-02-08 14:30:42
"180821_Std_4uMStdsMix1InH2O_1.mzML","Std","MT",NA,NA,NA,NA,NA,NA,NA,NA,2018-08-21,2018-08-21 21:43:07
"180821_Std_4uMStdsMix2InH2O_1.mzML","Std","MT",NA,NA,NA,NA,NA,NA,NA,NA,2018-08-21,2018-08-21 22:33:38
"180821_Std_4uMStdsMix1InMatrix_1.mzML","Std","MT",NA,NA,NA,NA,NA,NA,NA,NA,2018-08-21,2018-08-21 23:24:10
"180821_Std_4uMStdsMix2InMatrix_1.mzML","Std","MT",NA,NA,NA,NA,NA,NA,NA,NA,2018-08-21,2018-08-22 00:14:39
"180821_Std_H2OInMatrix_1.mzML","Std","MT",NA,NA,NA,NA,NA,NA,NA,NA,2018-08-21,2018-08-22 02:46:09
"180821_Smp_MS4C115m_A.mzML","Smp","MT","4",1,"15m",14.1,21,"A","MS4C115m_A","180821_Smp_MS4C115m",2018-08-21,2018-08-22 07:49:11
"180821_Smp_MS5C1DCM_B.mzML","Smp","MT","5",1,"DCM",122.4,10,"B","MS5C1DCM_B","180821_Smp_MS5C1DCM",2018-08-21,2018-08-22 08:39:42
"180821_Smp_MS6C3175m_C.mzML","Smp","MT","6",3,"175m",176.5,3,"C","MS6C3175m_C","180821_Smp_MS6C3175m",2018-08-21,2018-08-22 10:20:41
"180821_Smp_MS7C115m_B.mzML","Smp","MT","7",1,"15m",15.9,21,"B","MS7C115m_B","180821_Smp_MS7C115m",2018-08-21,2018-08-22 11:11:14
"180821_Smp_MS8C1DCM_C.mzML","Smp","MT","8",1,"DCM",122.9,12,"C","MS8C1DCM_C","180821_Smp_MS8C1DCM",2018-08-21,2018-08-22 12:52:15
"180821_Smp_MS9C2175m_C.mzML","Smp","MT","9",2,"175m",175.2,3,"C","MS9C2175m_C","180821_Smp_MS9C2175m",2018-08-21,2018-08-22 13:42:44
"180821_Smp_MS10C215m_A.mzML","Smp","MT","10",2,"15m",15.8,20,"A","MS10C215m_A","180821_Smp_MS10C215m",2018-08-21,2018-08-22 15:23:45
"180821_Poo_Day1and2Poo_Full1.mzML","Poo","MT",NA,NA,NA,NA,NA,NA,NA,NA,2018-08-21,2018-08-22 15:23:45
"180821_Poo_Day1and2Poo_Full2.mzML","Poo","MT",NA,NA,NA,NA,NA,NA,NA,NA,2018-08-21,2018-08-22 15:23:45
"180821_Poo_Day1and2Poo_Full3.mzML","Poo","MT",NA,NA,NA,NA,NA,NA,NA,NA,2018-08-21,2018-08-22 15:23:45
"180821_Poo_Day1and2Poo_Full4.mzML","Poo","MT",NA,NA,NA,NA,NA,NA,NA,NA,2018-08-21,2018-08-22 15:23:45
"180821_Poo_Day1and2Poo_Full5.mzML","Poo","MT",NA,NA,NA,NA,NA,NA,NA,NA,2018-08-21,2018-08-22 15:23:45
"180821_Poo_Day1and2Poo_Full6.mzML","Poo","MT",NA,NA,NA,NA,NA,NA,NA,NA,2018-08-21,2018-08-22 15:23:45
"180821_Poo_Day1and2Poo_Half1.mzML","Poo","MT",NA,NA,NA,NA,NA,NA,NA,NA,2018-08-21,2018-08-22 15:23:45
"180821_Poo_Day1and2Poo_Half2.mzML","Poo","MT",NA,NA,NA,NA,NA,NA,NA,NA,2018-08-21,2018-08-22 15:23:45
"180821_Poo_Day1and2Poo_Half3.mzML","Poo","MT",NA,NA,NA,NA,NA,NA,NA,NA,2018-08-21,2018-08-22 15:23:45
"180821_Poo_Day1and2Poo_Half4.mzML","Poo","MT",NA,NA,NA,NA,NA,NA,NA,NA,2018-08-21,2018-08-22 15:23:45
"180821_Poo_Day1and2Poo_Half5.mzML","Poo","MT",NA,NA,NA,NA,NA,NA,NA,NA,2018-08-21,2018-08-22 15:23:45
"180821_Poo_Day1and2Poo_Half6.mzML","Poo","MT",NA,NA,NA,NA,NA,NA,NA,NA,2018-08-21,2018-08-22 15:23:45
"180821_Smp_MS11C2DCM_B.mzML","Smp","MT","11",2,"DCM",110.7,11,"B","MS11C2DCM_B","180821_Smp_MS11C2DCM",2018-08-21,2018-08-22 16:14:16
"180821_Smp_MS12C1175m_A.mzML","Smp","MT","12",1,"175m",175.2,1,"A","MS12C1175m_A","180821_Smp_MS12C1175m",2018-08-21,2018-08-22 17:55:16
"180821_Smp_MS13C315m_B.mzML","Smp","MT","13",3,"15m",15.3,1,"B","MS13C315m_B","180821_Smp_MS13C315m",2018-08-21,2018-08-22 18:45:46
"180821_Smp_MS14C2DCM_A.mzML","Smp","MT","14",2,"DCM",105.5,10,"A","MS14C2DCM_A","180821_Smp_MS14C2DCM",2018-08-21,2018-08-22 20:26:48
"180821_Smp_MS4C1DCM_B.mzML","Smp","MT","4",1,"DCM",99.7,11,"B","MS4C1DCM_B","180821_Smp_MS4C1DCM",2018-08-21,2018-08-22 21:17:18
"180821_Smp_MS11C215m_B.mzML","Smp","MT","11",2,"15m",16.2,21,"B","MS11C215m_B","180821_Smp_MS11C215m",2018-08-21,2018-08-23 02:20:21
"180821_Smp_MS12C1DCM_A.mzML","Smp","MT","12",1,"DCM",103.5,10,"A","MS12C1DCM_A","180821_Smp_MS12C1DCM",2018-08-21,2018-08-23 04:01:22
"180821_Smp_MS13C2175m_A.mzML","Smp","MT","13",2,"175m",174.7,1,"A","MS13C2175m_A","180821_Smp_MS13C2175m",2018-08-21,2018-08-23 04:51:53
"180821_Smp_MS14C2175m_C.mzML","Smp","MT","14",2,"175m",175.8,3,"C","MS14C2175m_C","180821_Smp_MS14C2175m",2018-08-21,2018-08-23 09:04:24
"180821_Smp_MS4C1175m_A.mzML","Smp","MT","4",1,"175m",174.4,4,"A","MS4C1175m_A","180821_Smp_MS4C1175m",2018-08-21,2018-08-23 09:54:55
"180821_Smp_MS5C1175m_A.mzML","Smp","MT","5",1,"175m",176.6,1,"A","MS5C1175m_A","180821_Smp_MS5C1175m",2018-08-21,2018-08-23 10:45:26
"180821_Smp_MS5C115m_B.mzML","Smp","MT","5",1,"15m",15.2,20,"B","MS5C115m_B","180821_Smp_MS5C115m",2018-08-21,2018-08-23 17:01:15
"180821_Smp_MS6C3DCM_B.mzML","Smp","MT","6",3,"DCM",118.3,11,"B","MS6C3DCM_B","180821_Smp_MS6C3DCM",2018-08-21,2018-08-23 17:51:41
"180821_Smp_MS7C1175m_B.mzML","Smp","MT","7",1,"175m",176.1,2,"B","MS7C1175m_B","180821_Smp_MS7C1175m",2018-08-21,2018-08-23 19:32:41
"180821_Smp_MS8C115m_B.mzML","Smp","MT","8",1,"15m",15.1,21,"B","MS8C115m_B","180821_Smp_MS8C115m",2018-08-21,2018-08-23 20:23:11
"180821_Smp_MS9C2DCM_B.mzML","Smp","MT","9",2,"DCM",110.6,10,"B","MS9C2DCM_B","180821_Smp_MS9C2DCM",2018-08-21,2018-08-23 22:04:17
"180821_Smp_MS10C2175m_C.mzML","Smp","MT","10",2,"175m",175,3,"C","MS10C2175m_C","180821_Smp_MS10C2175m",2018-08-21,2018-08-23 22:54:43
"180821_Smp_MS13C2175m_B.mzML","Smp","MT","13",2,"175m",174.5,2,"B","MS13C2175m_B","180821_Smp_MS13C2175m",2018-08-21,2018-08-24 00:35:45
"180821_Smp_MS9C215m_C.mzML","Smp","MT","9",2,"15m",15.5,19,"C","MS9C215m_C","180821_Smp_MS9C215m",2018-08-21,2018-08-24 01:26:13
"180821_Smp_MS11C2175m_B.mzML","Smp","MT","11",2,"175m",176,2,"B","MS11C2175m_B","180821_Smp_MS11C2175m",2018-08-21,2018-08-24 03:07:15
"180821_Smp_MS6C3DCM_A.mzML","Smp","MT","6",3,"DCM",118.5,9,"A","MS6C3DCM_A","180821_Smp_MS6C3DCM",2018-08-21,2018-08-24 03:57:46
"180821_Smp_MS7C1175m_C.mzML","Smp","MT","7",1,"175m",176.3,3,"C","MS7C1175m_C","180821_Smp_MS7C1175m",2018-08-21,2018-08-24 05:38:49
"180821_Smp_MS4C1DCM_A.mzML","Smp","MT","4",1,"DCM",100.3,10,"A","MS4C1DCM_A","180821_Smp_MS4C1DCM",2018-08-21,2018-08-24 06:29:16
"180821_Smp_MS9C2175m_B.mzML","Smp","MT","9",2,"175m",175.5,2,"B","MS9C2175m_B","180821_Smp_MS9C2175m",2018-08-21,2018-08-24 08:10:17
"180821_Smp_MS4C1175m_B.mzML","Smp","MT","4",1,"175m",174.5,2,"B","MS4C1175m_B","180821_Smp_MS4C1175m",2018-08-21,2018-08-24 09:00:46
"180821_Smp_MS11C215m_A.mzML","Smp","MT","11",2,"15m",15.7,22,"A","MS11C215m_A","180821_Smp_MS11C215m",2018-08-21,2018-08-24 10:41:47
"180821_Smp_MS11C215m_C.mzML","Smp","MT","11",2,"15m",15.7,22,"C","MS11C215m_C","180821_Smp_MS11C215m",2018-08-21,2018-08-24 11:32:18
"180821_Smp_MS13C2DCM_A.mzML","Smp","MT","13",2,"DCM",110,13,"A","MS13C2DCM_A","180821_Smp_MS13C2DCM",2018-08-21,2018-08-24 13:13:19
"180821_Smp_MS6C315m_A.mzML","Smp","MT","6",3,"15m",15.2,20,"A","MS6C315m_A","180821_Smp_MS6C315m",2018-08-21,2018-08-24 14:03:50
"180821_Smp_MS7C1DCM_B.mzML","Smp","MT","7",1,"DCM",132.7,7,"B","MS7C1DCM_B","180821_Smp_MS7C1DCM",2018-08-21,2018-08-25 00:09:58
"180821_Smp_MS7C1175m_A.mzML","Smp","MT","7",1,"175m",175.7,1,"A","MS7C1175m_A","180821_Smp_MS7C1175m",2018-08-21,2018-08-25 01:00:25
"180821_Smp_MS13C2175m_C.mzML","Smp","MT","13",2,"175m",175.3,3,"C","MS13C2175m_C","180821_Smp_MS13C2175m",2018-08-21,2018-08-25 02:41:26
"180821_Smp_MS5C115m_C.mzML","Smp","MT","5",1,"15m",14.7,19,"C","MS5C115m_C","180821_Smp_MS5C115m",2018-08-21,2018-08-25 03:31:55
"180821_Smp_MS13C2DCM_B.mzML","Smp","MT","13",2,"DCM",109.6,11,"B","MS13C2DCM_B","180821_Smp_MS13C2DCM",2018-08-21,2018-08-25 05:12:58
"180821_Smp_MS5C1175m_B.mzML","Smp","MT","5",1,"175m",176.3,2,"B","MS5C1175m_B","180821_Smp_MS5C1175m",2018-08-21,2018-08-25 06:03:27
"180821_Smp_MS6C315m_C.mzML","Smp","MT","6",3,"15m",15.7,19,"C","MS6C315m_C","180821_Smp_MS6C315m",2018-08-21,2018-08-25 07:44:28
"180821_Smp_MS11C2175m_C.mzML","Smp","MT","11",2,"175m",175.1,3,"C","MS11C2175m_C","180821_Smp_MS11C2175m",2018-08-21,2018-08-25 08:34:57
"180821_Smp_MS14C2DCM_C.mzML","Smp","MT","14",2,"DCM",104.9,9,"C","MS14C2DCM_C","180821_Smp_MS14C2DCM",2018-08-21,2018-08-25 10:15:58
"180821_Smp_MS8C115m_A.mzML","Smp","MT","8",1,"15m",16.1,20,"A","MS8C115m_A","180821_Smp_MS8C115m",2018-08-21,2018-08-25 11:06:29
"180821_Smp_MS7C115m_C.mzML","Smp","MT","7",1,"15m",14.5,19,"C","MS7C115m_C","180821_Smp_MS7C115m",2018-08-21,2018-08-25 12:47:31
"180821_Smp_MS14C215m_B.mzML","Smp","MT","14",2,"15m",15,21,"B","MS14C215m_B","180821_Smp_MS14C215m",2018-08-21,2018-08-25 13:38:01
"180821_Smp_MS6C315m_B.mzML","Smp","MT","6",3,"15m",15.2,21,"B","MS6C315m_B","180821_Smp_MS6C315m",2018-08-21,2018-08-25 17:50:31
"180821_Smp_MS9C215m_A.mzML","Smp","MT","9",2,"15m",15.1,20,"A","MS9C215m_A","180821_Smp_MS9C215m",2018-08-21,2018-08-25 18:41:03
"180821_Smp_MS14C2175m_A.mzML","Smp","MT","14",2,"175m",175.6,1,"A","MS14C2175m_A","180821_Smp_MS14C2175m",2018-08-21,2018-08-25 20:22:03
"180821_Smp_MS7C1DCM_A.mzML","Smp","MT","7",1,"DCM",133.5,9,"A","MS7C1DCM_A","180821_Smp_MS7C1DCM",2018-08-21,2018-08-25 21:12:33
"180821_Smp_MS14C215m_C.mzML","Smp","MT","14",2,"15m",15.3,19,"C","MS14C215m_C","180821_Smp_MS14C215m",2018-08-21,2018-08-25 22:53:35
"180821_Smp_MS7C115m_A.mzML","Smp","MT","7",1,"15m",15.7,20,"A","MS7C115m_A","180821_Smp_MS7C115m",2018-08-21,2018-08-25 23:44:04
"180821_Smp_MS13C2DCM_C.mzML","Smp","MT","13",2,"DCM",109.1,12,"C","MS13C2DCM_C","180821_Smp_MS13C2DCM",2018-08-21,2018-08-26 01:25:05
"180821_Smp_MS4C1DCM_C.mzML","Smp","MT","4",1,"DCM",102.3,12,"C","MS4C1DCM_C","180821_Smp_MS4C1DCM",2018-08-21,2018-08-26 02:15:36
"180821_Smp_MS10C215m_C.mzML","Smp","MT","10",2,"15m",16.3,19,"C","MS10C215m_C","180821_Smp_MS10C215m",2018-08-21,2018-08-26 03:56:35
"180821_Smp_MS12C1175m_C.mzML","Smp","MT","12",1,"175m",175.4,3,"C","MS12C1175m_C","180821_Smp_MS12C1175m",2018-08-21,2018-08-26 04:47:08
"180821_Std_H2OInMatrix_2.mzML","Std","MT",NA,NA,NA,NA,NA,NA,NA,NA,2018-08-21,2018-08-27 20:22:29
"180821_Std_4uMStdsMix1InMatrix_2.mzML","Std","MT",NA,NA,NA,NA,NA,NA,NA,NA,2018-08-21,2018-08-27 21:13:00
"180821_Std_4uMStdsMix2InMatrix_2.mzML","Std","MT",NA,NA,NA,NA,NA,NA,NA,NA,2018-08-21,2018-08-27 22:03:33
"180821_Std_4uMStdsMix1InH2O_2.mzML","Std","MT",NA,NA,NA,NA,NA,NA,NA,NA,2018-08-21,2018-08-27 23:44:32
"180821_Std_4uMStdsMix2InH2O_2.mzML","Std","MT",NA,NA,NA,NA,NA,NA,NA,NA,2018-08-21,2018-08-28 00:35:01
"180821_Smp_MS11C2175m_A.mzML","Smp","MT","11",2,"175m",175.9,1,"A","MS11C2175m_A","180821_Smp_MS11C2175m",2018-08-21,2018-08-28 02:16:04
"180821_Smp_MS5C1DCM_A.mzML","Smp","MT","5",1,"DCM",123.4,9,"A","MS5C1DCM_A","180821_Smp_MS5C1DCM",2018-08-21,2018-08-28 03:06:33
"180821_Smp_MS6C3DCM_C.mzML","Smp","MT","6",3,"DCM",118.6,10,"C","MS6C3DCM_C","180821_Smp_MS6C3DCM",2018-08-21,2018-08-28 04:47:32
"180821_Smp_MS12C115m_C.mzML","Smp","MT","12",1,"15m",15.4,19,"C","MS12C115m_C","180821_Smp_MS12C115m",2018-08-21,2018-08-28 05:38:03
"180821_Smp_MS4C1175m_C.mzML","Smp","MT","4",1,"175m",174.6,3,"C","MS4C1175m_C","180821_Smp_MS4C1175m",2018-08-21,2018-08-28 07:19:06
"180821_Smp_MS13C315m_A.mzML","Smp","MT","13",3,"15m",15.3,1,"A","MS13C315m_A","180821_Smp_MS13C315m",2018-08-21,2018-08-28 08:09:35
"180821_Smp_MS13C315m_C.mzML","Smp","MT","13",3,"15m",15.3,1,"C","MS13C315m_C","180821_Smp_MS13C315m",2018-08-21,2018-08-28 09:50:34
"180821_Smp_MS7C1DCM_C.mzML","Smp","MT","7",1,"DCM",133.4,8,"C","MS7C1DCM_C","180821_Smp_MS7C1DCM",2018-08-21,2018-08-28 10:41:05
"180821_Smp_MS5C115m_A.mzML","Smp","MT","5",1,"15m",15.1,21,"A","MS5C115m_A","180821_Smp_MS5C115m",2018-08-21,2018-08-28 12:22:06
"180821_Smp_MS12C1DCM_C.mzML","Smp","MT","12",1,"DCM",102.3,9,"C","MS12C1DCM_C","180821_Smp_MS12C1DCM",2018-08-21,2018-08-28 13:12:35
"180821_Smp_MS11C2DCM_A.mzML","Smp","MT","11",2,"DCM",111,10,"A","MS11C2DCM_A","180821_Smp_MS11C2DCM",2018-08-21,2018-08-28 14:53:36
"180821_Smp_MS12C1DCM_B.mzML","Smp","MT","12",1,"DCM",103.9,11,"B","MS12C1DCM_B","180821_Smp_MS12C1DCM",2018-08-21,2018-08-28 15:44:07
"180821_Smp_MS11C2DCM_C.mzML","Smp","MT","11",2,"DCM",110.6,9,"C","MS11C2DCM_C","180821_Smp_MS11C2DCM",2018-08-21,2018-08-29 00:09:14
"180821_Smp_MS8C1175m_B.mzML","Smp","MT","8",1,"175m",176.7,2,"B","MS8C1175m_B","180821_Smp_MS8C1175m",2018-08-21,2018-08-29 00:59:45
"180821_Smp_MS12C115m_A.mzML","Smp","MT","12",1,"15m",15.3,20,"A","MS12C115m_A","180821_Smp_MS12C115m",2018-08-21,2018-08-29 02:40:44
"180821_Smp_MS10C2175m_B.mzML","Smp","MT","10",2,"175m",175.6,2,"B","MS10C2175m_B","180821_Smp_MS10C2175m",2018-08-21,2018-08-29 03:31:15
"180821_Smp_MS10C2DCM_A.mzML","Smp","MT","10",2,"DCM",110.5,11,"A","MS10C2DCM_A","180821_Smp_MS10C2DCM",2018-08-21,2018-08-29 05:12:18
"180821_Smp_MS14C2175m_B.mzML","Smp","MT","14",2,"175m",175.2,2,"B","MS14C2175m_B","180821_Smp_MS14C2175m",2018-08-21,2018-08-29 06:02:47
"180821_Smp_MS10C2DCM_C.mzML","Smp","MT","10",2,"DCM",110.4,13,"C","MS10C2DCM_C","180821_Smp_MS10C2DCM",2018-08-21,2018-08-29 07:43:46
"180821_Smp_MS6C3175m_B.mzML","Smp","MT","6",3,"175m",175.8,2,"B","MS6C3175m_B","180821_Smp_MS6C3175m",2018-08-21,2018-08-29 08:34:17
"180821_Smp_MS4C115m_B.mzML","Smp","MT","4",1,"15m",15,20,"B","MS4C115m_B","180821_Smp_MS4C115m",2018-08-21,2018-08-29 10:15:18
"180821_Smp_MS12C1175m_B.mzML","Smp","MT","12",1,"175m",175.6,2,"B","MS12C1175m_B","180821_Smp_MS12C1175m",2018-08-21,2018-08-29 11:05:47
"180821_Smp_MS12C115m_B.mzML","Smp","MT","12",1,"15m",15.6,21,"B","MS12C115m_B","180821_Smp_MS12C115m",2018-08-21,2018-08-29 22:52:57
"180821_Smp_MS8C1175m_A.mzML","Smp","MT","8",1,"175m",176,1,"A","MS8C1175m_A","180821_Smp_MS8C1175m",2018-08-21,2018-08-29 23:43:25
"180821_Smp_MS8C1175m_C.mzML","Smp","MT","8",1,"175m",176,3,"C","MS8C1175m_C","180821_Smp_MS8C1175m",2018-08-21,2018-08-30 01:24:25
"180821_Smp_MS14C2DCM_B.mzML","Smp","MT","14",2,"DCM",105.3,11,"B","MS14C2DCM_B","180821_Smp_MS14C2DCM",2018-08-21,2018-08-30 02:14:56
"180821_Smp_MS5C1DCM_C.mzML","Smp","MT","5",1,"DCM",122.5,11,"C","MS5C1DCM_C","180821_Smp_MS5C1DCM",2018-08-21,2018-08-30 03:55:59
"180821_Smp_MS8C1DCM_B.mzML","Smp","MT","8",1,"DCM",122.5,11,"B","MS8C1DCM_B","180821_Smp_MS8C1DCM",2018-08-21,2018-08-30 04:46:28
"180821_Smp_MS9C2DCM_C.mzML","Smp","MT","9",2,"DCM",111,9,"C","MS9C2DCM_C","180821_Smp_MS9C2DCM",2018-08-21,2018-08-30 06:27:29
"180821_Smp_MS9C2DCM_A.mzML","Smp","MT","9",2,"DCM",110,11,"A","MS9C2DCM_A","180821_Smp_MS9C2DCM",2018-08-21,2018-08-30 07:17:58
"180821_Smp_MS8C115m_C.mzML","Smp","MT","8",1,"15m",15.1,19,"C","MS8C115m_C","180821_Smp_MS8C115m",2018-08-21,2018-08-30 08:58:59
"180821_Smp_MS9C2175m_A.mzML","Smp","MT","9",2,"175m",175.8,1,"A","MS9C2175m_A","180821_Smp_MS9C2175m",2018-08-21,2018-08-30 09:49:28
"180821_Smp_MS14C215m_A.mzML","Smp","MT","14",2,"15m",15,20,"A","MS14C215m_A","180821_Smp_MS14C215m",2018-08-21,2018-08-30 21:36:40
"180821_Smp_MS10C215m_B.mzML","Smp","MT","10",2,"15m",16.4,21,"B","MS10C215m_B","180821_Smp_MS10C215m",2018-08-21,2018-08-30 22:27:06
"180821_Smp_MS10C2175m_A.mzML","Smp","MT","10",2,"175m",176.9,1,"A","MS10C2175m_A","180821_Smp_MS10C2175m",2018-08-21,2018-08-31 00:08:08
"180821_Smp_MS10C2DCM_B.mzML","Smp","MT","10",2,"DCM",110,12,"B","MS10C2DCM_B","180821_Smp_MS10C2DCM",2018-08-21,2018-08-31 01:49:09
"180821_Smp_MS4C115m_C.mzML","Smp","MT","4",1,"15m",15.3,22,"C","MS4C115m_C","180821_Smp_MS4C115m",2018-08-21,2018-08-31 03:30:08
"180821_Smp_MS6C3175m_A.mzML","Smp","MT","6",3,"175m",175.1,1,"A","MS6C3175m_A","180821_Smp_MS6C3175m",2018-08-21,2018-08-31 04:20:39
"180821_Smp_MS5C1175m_C.mzML","Smp","MT","5",1,"175m",175.8,3,"C","MS5C1175m_C","180821_Smp_MS5C1175m",2018-08-21,2018-08-31 06:01:38
"180821_Smp_MS9C215m_B.mzML","Smp","MT","9",2,"15m",15.5,21,"B","MS9C215m_B","180821_Smp_MS9C215m",2018-08-21,2018-08-31 06:52:09
"180821_Smp_MS8C1DCM_A.mzML","Smp","MT","8",1,"DCM",122.2,13,"A","MS8C1DCM_A","180821_Smp_MS8C1DCM",2018-08-21,2018-08-31 08:33:10
"180821_Std_H2OInMatrix_3.mzML","Std","MT",NA,NA,NA,NA,NA,NA,NA,NA,2018-08-21,2018-08-31 10:14:12
"180821_Std_4uMStdsMix1InMatrix_3.mzML","Std","MT",NA,NA,NA,NA,NA,NA,NA,NA,2018-08-21,2018-08-31 11:04:41
"180821_Std_4uMStdsMix2InMatrix_3.mzML","Std","MT",NA,NA,NA,NA,NA,NA,NA,NA,2018-08-21,2018-08-31 11:55:13
"180821_Std_4uMStdsMix1InH2O_3.mzML","Std","MT",NA,NA,NA,NA,NA,NA,NA,NA,2018-08-21,2018-08-31 12:45:42
"180821_Std_4uMStdsMix2InH2O_3.mzML","Std","MT",NA,NA,NA,NA,NA,NA,NA,NA,2018-08-21,2018-08-31 13:36:13
"190715_Std_H2OinMatrix_1.mzML","Std","FK",NA,NA,NA,NA,NA,NA,NA,NA,2019-07-15,2019-07-12 20:14:01
"190715_Std_4uMStdsMix1InH2O_1.mzML","Std","FK",NA,NA,NA,NA,NA,NA,NA,NA,2019-07-15,2019-07-12 21:04:31
"190715_Std_4uMStdsMix2InH2O_1.mzML","Std","FK",NA,NA,NA,NA,NA,NA,NA,NA,2019-07-15,2019-07-12 21:55:02
"190715_Std_4uMStdsMix1InMatrix_1.mzML","Std","FK",NA,NA,NA,NA,NA,NA,NA,NA,2019-07-15,2019-07-12 22:45:31
"190715_Std_4uMStdsMix2InMatrix_1.mzML","Std","FK",NA,NA,NA,NA,NA,NA,NA,NA,2019-07-15,2019-07-12 23:36:01
"190715_Blk_KM1906U14-Blk_C.mzML","Blk","FK",NA,NA,NA,NA,NA,NA,NA,NA,2019-07-15,2019-07-14 08:25:46
"190715_Std_H2OinMatrix_2.mzML","Std","FK",NA,NA,NA,NA,NA,NA,NA,NA,2019-07-15,2019-07-18 02:24:10
"190715_Std_4uMStdsMix1InH2O_2.mzML","Std","FK",NA,NA,NA,NA,NA,NA,NA,NA,2019-07-15,2019-07-18 03:14:41
"190715_Std_4uMStdsMix2InH2O_2.mzML","Std","FK",NA,NA,NA,NA,NA,NA,NA,NA,2019-07-15,2019-07-18 04:05:12
"190715_Std_4uMStdsMix1InMatrix_2.mzML","Std","FK",NA,NA,NA,NA,NA,NA,NA,NA,2019-07-15,2019-07-18 04:55:40
"190715_Std_4uMStdsMix2InMatrix_2.mzML","Std","FK",NA,NA,NA,NA,NA,NA,NA,NA,2019-07-15,2019-07-18 05:46:11
"190715_Poo_TruePooFK180310_Half1.mzML","Poo","FK",NA,NA,NA,NA,NA,NA,NA,NA,2019-07-15,2019-07-18 16:42:48
"190715_Poo_TruePooFK180310_Full1.mzML","Poo","FK",NA,NA,NA,NA,NA,NA,NA,NA,2019-07-15,2019-07-18 17:33:17
"190715_Smp_FK180310S80C1-25m_B.mzML","Smp","FK","80",1,"25m",25,NA,"B",NA,"190715_Smp_FK180310S80C1-25m",2019-07-15,2019-07-18 19:14:20
"190715_Smp_FK180310S62C1-25m_C.mzML","Smp","FK","62",1,"25m",25,NA,"C",NA,"190715_Smp_FK180310S62C1-25m",2019-07-15,2019-07-18 20:04:47
"190715_Smp_FK180310S77C1-DCM_A.mzML","Smp","FK","77",1,"DCM",125,NA,"A",NA,"190715_Smp_FK180310S77C1-DCM",2019-07-15,2019-07-18 21:45:48
"190715_Smp_FK180310S77C1-DCM_B.mzML","Smp","FK","77",1,"DCM",125,NA,"B",NA,"190715_Smp_FK180310S77C1-DCM",2019-07-15,2019-07-18 22:36:19
"190715_Smp_FK180310S62C1-DCM_B.mzML","Smp","FK","62",1,"DCM",98,NA,"B",NA,"190715_Smp_FK180310S62C1-DCM",2019-07-15,2019-07-19 00:17:18
"190715_Smp_FK180310S64C1-25m_B.mzML","Smp","FK","64",1,"25m",25,NA,"B",NA,"190715_Smp_FK180310S64C1-25m",2019-07-15,2019-07-19 01:07:51
"190715_Smp_FK180310S62C1-DCM_A.mzML","Smp","FK","62",1,"DCM",98,NA,"A",NA,"190715_Smp_FK180310S62C1-DCM",2019-07-15,2019-07-19 02:48:50
"190715_Smp_FK180310S64C1-DCM_A.mzML","Smp","FK","64",1,"DCM",115,NA,"A",NA,"190715_Smp_FK180310S64C1-DCM",2019-07-15,2019-07-19 03:39:21
"190715_Smp_FK180310S80C1-25m_C.mzML","Smp","FK","80",1,"25m",25,NA,"C",NA,"190715_Smp_FK180310S80C1-25m",2019-07-15,2019-07-19 05:20:20
"190715_Smp_FK180310S64C1-25m_C.mzML","Smp","FK","64",1,"25m",25,NA,"C",NA,"190715_Smp_FK180310S64C1-25m",2019-07-15,2019-07-19 06:10:51
"190715_Smp_FK180310S62C1-25m_A.mzML","Smp","FK","62",1,"25m",25,NA,"A",NA,"190715_Smp_FK180310S62C1-25m",2019-07-15,2019-07-19 07:51:53
"190715_Smp_FK180310S77C1-25m_C.mzML","Smp","FK","77",1,"25m",25,NA,"C",NA,"190715_Smp_FK180310S77C1-25m",2019-07-15,2019-07-19 08:42:23
"190715_Poo_TruePooFK180310_Half2.mzML","Poo","FK",NA,NA,NA,NA,NA,NA,NA,NA,2019-07-15,2019-07-19 11:13:53
"190715_Poo_TruePooFK180310_Full2.mzML","Poo","FK",NA,NA,NA,NA,NA,NA,NA,NA,2019-07-15,2019-07-19 12:04:26
"190715_Smp_FK180310S80C1-DCM_C.mzML","Smp","FK","80",1,"DCM",120,NA,"C",NA,"190715_Smp_FK180310S80C1-DCM",2019-07-15,2019-07-19 13:45:25
"190715_Smp_FK180310S77C1-25m_B.mzML","Smp","FK","77",1,"25m",25,NA,"B",NA,"190715_Smp_FK180310S77C1-25m",2019-07-15,2019-07-19 14:35:56
"190715_Smp_FK180310S80C1-DCM_A.mzML","Smp","FK","80",1,"DCM",120,NA,"A",NA,"190715_Smp_FK180310S80C1-DCM",2019-07-15,2019-07-19 16:16:55
"190715_Smp_FK180310S80C1-DCM_B.mzML","Smp","FK","80",1,"DCM",120,NA,"B",NA,"190715_Smp_FK180310S80C1-DCM",2019-07-15,2019-07-19 19:01:18
"190715_Smp_FK180310S77C1-25m_A.mzML","Smp","FK","77",1,"25m",25,NA,"A",NA,"190715_Smp_FK180310S77C1-25m",2019-07-15,2019-07-19 20:42:18
"190715_Smp_FK180310S80C1-25m_A.mzML","Smp","FK","80",1,"25m",25,NA,"A",NA,"190715_Smp_FK180310S80C1-25m",2019-07-15,2019-07-19 21:32:50
"190715_Smp_FK180310S77C1-DCM_C.mzML","Smp","FK","77",1,"DCM",125,NA,"C",NA,"190715_Smp_FK180310S77C1-DCM",2019-07-15,2019-07-19 23:13:50
"190715_Smp_FK180310S62C1-DCM_C.mzML","Smp","FK","62",1,"DCM",98,NA,"C",NA,"190715_Smp_FK180310S62C1-DCM",2019-07-15,2019-07-20 00:04:18
"190715_Smp_FK180310S64C1-25m_A.mzML","Smp","FK","64",1,"25m",25,NA,"A",NA,"190715_Smp_FK180310S64C1-25m",2019-07-15,2019-07-20 01:45:20
"190715_Smp_FK180310S64C1-DCM_C.mzML","Smp","FK","64",1,"DCM",115,NA,"C",NA,"190715_Smp_FK180310S64C1-DCM",2019-07-15,2019-07-20 02:35:48
"190715_Smp_FK180310S62C1-25m_B.mzML","Smp","FK","62",1,"25m",25,NA,"B",NA,"190715_Smp_FK180310S62C1-25m",2019-07-15,2019-07-20 04:16:50
"190715_Smp_FK180310S64C1-DCM_B.mzML","Smp","FK","64",1,"DCM",115,NA,"B",NA,"190715_Smp_FK180310S64C1-DCM",2019-07-15,2019-07-20 05:07:23
"190715_Poo_TruePooFK180310_Half3.mzML","Poo","FK",NA,NA,NA,NA,NA,NA,NA,NA,2019-07-15,2019-07-20 07:38:51
"190715_Poo_TruePooFK180310_Full3.mzML","Poo","FK",NA,NA,NA,NA,NA,NA,NA,NA,2019-07-15,2019-07-20 08:29:25
